<?xml version="1.0" encoding="utf-8"?>
<ow-dc:owBestand xmlns:da="http://www.geostandaarden.nl/imow/datatypenalgemeen"
                 xmlns:ga="http://www.geostandaarden.nl/imow/gebiedsaanwijzing"
                 xmlns:k="http://www.geostandaarden.nl/imow/kaart"
                 xmlns:l="http://www.geostandaarden.nl/imow/locatie"
                 xmlns:ow="http://www.geostandaarden.nl/imow/owobject"
                 xmlns:ow-dc="http://www.geostandaarden.nl/imow/bestanden/deelbestand"
                 xmlns:p="http://www.geostandaarden.nl/imow/pons"
                 xmlns:r="http://www.geostandaarden.nl/imow/regels"
                 xmlns:rg="http://www.geostandaarden.nl/imow/regelingsgebied"
                 xmlns:rol="http://www.geostandaarden.nl/imow/regelsoplocatie"
                 xmlns:sl="http://www.geostandaarden.nl/bestanden-ow/standlevering-generiek"
                 xmlns:vt="http://www.geostandaarden.nl/imow/vrijetekst"
                 xmlns:xlink="http://www.w3.org/1999/xlink"
                 xmlns:xsi="http://www.w3.org/2001/XMLSchema-instance"
                 xsi:schemaLocation="http://www.geostandaarden.nl/imow/bestanden/deelbestand https://register.geostandaarden.nl/xmlschema/tpod/v2.0.0/bestanden-ow/deelbestand-ow/IMOW_Deelbestand.xsd">
   <sl:standBestand>
      <sl:dataset>Voorbereidingsbesluit Zuid-West 380 kV Oost (Rilland-Tilburg)</sl:dataset>
      <sl:inhoud>
         <sl:gebied>Nederland</sl:gebied>
         <sl:leveringsId>EZvb17ZW380-3001_2022-03-01</sl:leveringsId>
         <sl:objectTypen>
            <sl:objectType>Gebiedengroep</sl:objectType>
            <sl:objectType>Gebied</sl:objectType>
         </sl:objectTypen>
      </sl:inhoud>
      <sl:stand>
         <ow-dc:owObject>
            <!--0703_Besluitgebied_X.gml-->
            <l:Gebiedengroep>
               <l:identificatie>nl.imow-mnre1045.gebiedengroep.070320220301000001</l:identificatie>
               <l:groepselement>
                  <l:GebiedRef xlink:href="nl.imow-mnre1045.gebied.070320220301000001"/>
               </l:groepselement>
            </l:Gebiedengroep>
         </ow-dc:owObject>
      </sl:stand>
      <sl:stand>
         <ow-dc:owObject>
            <l:Gebied>
               <l:identificatie>nl.imow-mnre1045.gebied.070320220301000001</l:identificatie>
               <l:noemer>Voorbeschermingsregels gemeente Reimerswaal</l:noemer>
               <l:geometrie>
                  <l:GeometrieRef xlink:href="1ed996ba-ee12-480a-9366-377694e197fa"/>
               </l:geometrie>
            </l:Gebied>
         </ow-dc:owObject>
      </sl:stand>
   </sl:standBestand>
</ow-dc:owBestand>
