<?xml version="1.0" encoding="utf-8"?>
<ow-dc:owBestand xmlns:ow-dc="http://www.geostandaarden.nl/imow/bestanden/deelbestand"
                 xmlns:ow="http://www.geostandaarden.nl/imow/owobject"
                 xmlns:da="http://www.geostandaarden.nl/imow/datatypenalgemeen"
                 xmlns:sl="http://www.geostandaarden.nl/bestanden-ow/standlevering-generiek"
                 xmlns:ga="http://www.geostandaarden.nl/imow/gebiedsaanwijzing"
                 xmlns:k="http://www.geostandaarden.nl/imow/kaart"
                 xmlns:l="http://www.geostandaarden.nl/imow/locatie"
                 xmlns:p="http://www.geostandaarden.nl/imow/pons"
                 xmlns:r="http://www.geostandaarden.nl/imow/regels"
                 xmlns:rg="http://www.geostandaarden.nl/imow/regelingsgebied"
                 xmlns:rol="http://www.geostandaarden.nl/imow/regelsoplocatie"
                 xmlns:vt="http://www.geostandaarden.nl/imow/vrijetekst"
                 xmlns:xlink="http://www.w3.org/1999/xlink"
                 xmlns:xsi="http://www.w3.org/2001/XMLSchema-instance"
                 xsi:schemaLocation="http://www.geostandaarden.nl/imow/bestanden/deelbestand https://register.geostandaarden.nl/xmlschema/tpod/v2.0.0/bestanden-ow/deelbestand-ow/IMOW_Deelbestand.xsd">
   <sl:standBestand>
      <sl:dataset>Omgevingsagenda Oost</sl:dataset>
      <sl:inhoud>
         <sl:gebied>Nederland</sl:gebied>
         <sl:leveringsId>Programma_aanleveren_voor_werkplaats_001-20211101052957</sl:leveringsId>
         <sl:objectTypen>
            <sl:objectType>Divisie</sl:objectType>
            <!--<sl:objectType>Divisietekst</sl:objectType>-->
            <sl:objectType>Tekstdeel</sl:objectType>
         </sl:objectTypen>
      </sl:inhoud>
      <sl:stand>
         <ow-dc:owObject>
            <vt:Divisie wId="mnre1034_0.1__div_o_3"><!--mnre1034_0.1__div_o_1__div_o_8-->
               <vt:identificatie>nl.imow-mnre1034.divisie.2021100600000220211101052956</vt:identificatie>
            </vt:Divisie>
         </ow-dc:owObject>
      </sl:stand>
      <sl:stand>
         <ow-dc:owObject>
            <vt:Tekstdeel>
               <vt:identificatie>nl.imow-mnre1034.tekstdeel.2021100600000220211101052956</vt:identificatie>
               <vt:idealisatie>http://standaarden.omgevingswet.overheid.nl/idealisatie/id/concept/Exact</vt:idealisatie>
               <vt:divisieaanduiding>
                  <vt:DivisieRef xlink:href="nl.imow-mnre1034.divisie.2021100600000220211101052956"/>
               </vt:divisieaanduiding>
               <vt:hoofdlijnaanduiding>
                  <vt:HoofdlijnRef xlink:href="nl.imow-mnre1034.hoofdlijn.110572750420211101052956"/>
                  <!--                  <vt:HoofdlijnRef xlink:href="nl.imow-mnre1034.hoofdlijn.753733455"/>
                  <vt:HoofdlijnRef xlink:href="nl.imow-mnre1034.hoofdlijn.842471641"/>
                  <vt:HoofdlijnRef xlink:href="nl.imow-mnre1034.hoofdlijn.906039200"/>
                  <vt:HoofdlijnRef xlink:href="nl.imow-mnre1034.hoofdlijn.2284587379"/>
                  <vt:HoofdlijnRef xlink:href="nl.imow-mnre1034.hoofdlijn.2004553668"/>
                  <vt:HoofdlijnRef xlink:href="nl.imow-mnre1034.hoofdlijn.716246855"/>-->
               </vt:hoofdlijnaanduiding>
            </vt:Tekstdeel>
         </ow-dc:owObject>
      </sl:stand>
      <sl:stand>
         <ow-dc:owObject>
            <vt:Divisie wId="mnre1034_0.1__div_2__div_o_1"><!--mnre1034_0.1__div_o_1__div_o_9-->
               <vt:identificatie>nl.imow-mnre1034.divisie.2021100600000320211101052956</vt:identificatie>
            </vt:Divisie>
         </ow-dc:owObject>
      </sl:stand>
      <sl:stand>
         <ow-dc:owObject>
            <vt:Tekstdeel>
               <vt:identificatie>nl.imow-mnre1034.tekstdeel.2021100600000320211101052956</vt:identificatie>
               <vt:idealisatie>http://standaarden.omgevingswet.overheid.nl/idealisatie/id/concept/Exact</vt:idealisatie>
               <vt:divisieaanduiding>
                  <vt:DivisieRef xlink:href="nl.imow-mnre1034.divisie.2021100600000320211101052956"/>
               </vt:divisieaanduiding>
               <vt:hoofdlijnaanduiding>
                  <!--<vt:HoofdlijnRef xlink:href="nl.imow-mnre1034.hoofdlijn.1105727504"/>-->
                  <vt:HoofdlijnRef xlink:href="nl.imow-mnre1034.hoofdlijn.75373345520211101052956"/>
                  <vt:HoofdlijnRef xlink:href="nl.imow-mnre1034.hoofdlijn.84247164120211101052956"/>
                  <!--                  <vt:HoofdlijnRef xlink:href="nl.imow-mnre1034.hoofdlijn.906039200"/>
                  <vt:HoofdlijnRef xlink:href="nl.imow-mnre1034.hoofdlijn.2284587379"/>
                  <vt:HoofdlijnRef xlink:href="nl.imow-mnre1034.hoofdlijn.2004553668"/>
                  <vt:HoofdlijnRef xlink:href="nl.imow-mnre1034.hoofdlijn.716246855"/>-->
               </vt:hoofdlijnaanduiding>
            </vt:Tekstdeel>
         </ow-dc:owObject>
      </sl:stand>
      <sl:stand>
         <ow-dc:owObject>
            <vt:Divisie wId="mnre1034_0.1__div_o_1__div_o_1"> <!--divisietekst is: mnre1034_0.1__div_o_1__div_o_1__content_o_3-->
               <vt:identificatie>nl.imow-mnre1034.divisie.2021100600000420211101052956</vt:identificatie>
            </vt:Divisie>
         </ow-dc:owObject>
      </sl:stand>
      <sl:stand>
         <ow-dc:owObject>
            <vt:Tekstdeel>
               <vt:identificatie>nl.imow-mnre1034.tekstdeel.2021100600000420211101052956</vt:identificatie>
               <vt:idealisatie>http://standaarden.omgevingswet.overheid.nl/idealisatie/id/concept/Exact</vt:idealisatie>
               <vt:thema>http://standaarden.omgevingswet.overheid.nl/thema/id/concept/Gezondheid</vt:thema>
               <vt:thema>http://standaarden.omgevingswet.overheid.nl/thema/id/concept/Landschap</vt:thema>
               <vt:thema>http://standaarden.omgevingswet.overheid.nl/thema/id/concept/Natuur</vt:thema>
               <vt:thema>http://standaarden.omgevingswet.overheid.nl/thema/id/concept/MilieuAlgemeen</vt:thema>
               <vt:divisieaanduiding>
                  <vt:DivisietekstRef xlink:href="nl.imow-mnre1034.divisie.2021100600000420211101052956"/>
               </vt:divisieaanduiding>
               <vt:locatieaanduiding>
                  <l:LocatieRef xlink:href="nl.imow-mnre1034.gebiedengroep.315766329220211101052956"/>
               </vt:locatieaanduiding>
               <vt:gebiedsaanwijzing>
                  <ga:GebiedsaanwijzingRef xlink:href="nl.imow-mnre1034.gebiedsaanwijzing.188070688020211101052956"/>
               </vt:gebiedsaanwijzing>
            </vt:Tekstdeel>
         </ow-dc:owObject>
      </sl:stand>
      <sl:stand>
         <ow-dc:owObject><!--mnre1034_0.1__div_o_1__div_o_1-->
            <vt:Divisie wId="mnre1034_0.1__div_o_1__div_o_1"> <!--eigenlijk divisietekst: mnre1034_0.1__div_o_1__div_o_1__content_o_4-->
               <vt:identificatie>nl.imow-mnre1034.divisie.2021100600000520211101052956</vt:identificatie>
            </vt:Divisie>
         </ow-dc:owObject>
      </sl:stand>
      <sl:stand>
         <ow-dc:owObject>
            <vt:Tekstdeel>
               <vt:identificatie>nl.imow-mnre1034.tekstdeel.2021100600000520211101052956</vt:identificatie>
               <vt:idealisatie>http://standaarden.omgevingswet.overheid.nl/idealisatie/id/concept/Exact</vt:idealisatie>
               <vt:thema>http://standaarden.omgevingswet.overheid.nl/thema/id/concept/MilieuAlgemeen</vt:thema>
               <vt:thema>http://standaarden.omgevingswet.overheid.nl/thema/id/concept/Infrastructuur</vt:thema>
               <vt:divisieaanduiding>
                  <vt:DivisieRef xlink:href="nl.imow-mnre1034.divisie.2021100600000520211101052956"/>
               </vt:divisieaanduiding>
               <vt:locatieaanduiding>
                  <l:LocatieRef xlink:href="nl.imow-mnre1034.gebiedengroep.240229340920211101052956"/>
               </vt:locatieaanduiding>
            </vt:Tekstdeel>
         </ow-dc:owObject>
      </sl:stand>
      <!--      <sl:stand>
         <ow-dc:owObject>
            <vt:Divisie wId="mnre1034_0.1__div_o_1__div_o_1__content_o_5">
               <vt:identificatie>nl.imow-mnre1034.divisie.20211006000006</vt:identificatie>
            </vt:Divisie>
         </ow-dc:owObject>
      </sl:stand>-->
      <sl:stand>
         <ow-dc:owObject>
            <vt:Tekstdeel>
               <vt:identificatie>nl.imow-mnre1034.tekstdeel.2021100600000620211101052956</vt:identificatie>
               <vt:idealisatie>http://standaarden.omgevingswet.overheid.nl/idealisatie/id/concept/Exact</vt:idealisatie>
               <vt:divisieaanduiding>
                  <vt:DivisieRef xlink:href="nl.imow-mnre1034.divisie.2021100600000520211101052956"/> 
                  <!--had eigenlijk naar nl.imow-mnre1034.divisie.20211006000006 moeten wijzen-->
               </vt:divisieaanduiding>
               <vt:locatieaanduiding>
                  <l:LocatieRef xlink:href="nl.imow-mnre1034.gebiedengroep.354288406120211101052956"/>
               </vt:locatieaanduiding>
               <vt:gebiedsaanwijzing>
                  <ga:GebiedsaanwijzingRef xlink:href="nl.imow-mnre1034.gebiedsaanwijzing.288746653520211101052956"/>
               </vt:gebiedsaanwijzing>
            </vt:Tekstdeel>
         </ow-dc:owObject>
      </sl:stand>
      <!--<sl:stand>
         <ow-dc:owObject>
            <vt:Divisie wId="mnre1034_0.1__div_o_1__div_o_1__content_o_6">
               <vt:identificatie>nl.imow-mnre1034.divisie.20211006000007</vt:identificatie>
            </vt:Divisie>
         </ow-dc:owObject>
      </sl:stand>-->
      <sl:stand>
         <ow-dc:owObject>
            <vt:Tekstdeel>
               <vt:identificatie>nl.imow-mnre1034.tekstdeel.2021100600000720211101052956</vt:identificatie>
               <vt:idealisatie>http://standaarden.omgevingswet.overheid.nl/idealisatie/id/concept/Exact</vt:idealisatie>
               <vt:thema>http://standaarden.omgevingswet.overheid.nl/thema/id/concept/MilieuAlgemeen</vt:thema>
               <vt:thema>http://standaarden.omgevingswet.overheid.nl/thema/id/concept/EnergieEnNatuurlijkeHulpbronnen</vt:thema>
               <vt:divisieaanduiding>
                  <vt:DivisieRef xlink:href="nl.imow-mnre1034.divisie.2021100600000520211101052956"/> 
                  <!--had eigenlijk naar nl.imow-mnre1034.divisie.20211006000007 moeten wijzen-->
               </vt:divisieaanduiding>
               <vt:locatieaanduiding>
                  <l:LocatieRef xlink:href="nl.imow-mnre1034.gebiedengroep.29347816620211101052956"/>
               </vt:locatieaanduiding>
               <vt:gebiedsaanwijzing>
                  <ga:GebiedsaanwijzingRef xlink:href="nl.imow-mnre1034.gebiedsaanwijzing.306218757120211101052956"/>
               </vt:gebiedsaanwijzing>
            </vt:Tekstdeel>
         </ow-dc:owObject>
      </sl:stand>
      <sl:stand>
         <ow-dc:owObject>
            <vt:Divisie wId="mnre1034_0.1__div_2__div_o_2">
               <vt:identificatie>nl.imow-mnre1034.divisie.2021100600000820211101052956</vt:identificatie>
            </vt:Divisie>
         </ow-dc:owObject>
      </sl:stand>
      <sl:stand>
         <ow-dc:owObject>
            <vt:Tekstdeel>
               <vt:identificatie>nl.imow-mnre1034.tekstdeel.2021100600000820211101052956</vt:identificatie>
               <vt:idealisatie>http://standaarden.omgevingswet.overheid.nl/idealisatie/id/concept/Exact</vt:idealisatie>
               <vt:thema>http://standaarden.omgevingswet.overheid.nl/thema/id/concept/WaterEnWatersystemen</vt:thema>
               <vt:thema>http://standaarden.omgevingswet.overheid.nl/thema/id/concept/Infrastructuur</vt:thema>
               <vt:divisieaanduiding>
                  <vt:DivisieRef xlink:href="nl.imow-mnre1034.divisie.2021100600000820211101052956"/>
               </vt:divisieaanduiding>
               <vt:hoofdlijnaanduiding>
<!--                  <vt:HoofdlijnRef xlink:href="nl.imow-mnre1034.hoofdlijn.1105727504"/>
                  <vt:HoofdlijnRef xlink:href="nl.imow-mnre1034.hoofdlijn.753733455"/>
                  <vt:HoofdlijnRef xlink:href="nl.imow-mnre1034.hoofdlijn.842471641"/>-->
                  <vt:HoofdlijnRef xlink:href="nl.imow-mnre1034.hoofdlijn.90603920020211101052956"/>
                  <!--                  <vt:HoofdlijnRef xlink:href="nl.imow-mnre1034.hoofdlijn.2284587379"/>
                  <vt:HoofdlijnRef xlink:href="nl.imow-mnre1034.hoofdlijn.2004553668"/>
                  <vt:HoofdlijnRef xlink:href="nl.imow-mnre1034.hoofdlijn.716246855"/>-->
               </vt:hoofdlijnaanduiding>
               <vt:locatieaanduiding>
                  <l:LocatieRef xlink:href="nl.imow-mnre1034.gebiedengroep.371301255020211101052956"/>
                  <l:LocatieRef xlink:href="nl.imow-mnre1034.gebiedengroep.266168495720211101052956"/>
               </vt:locatieaanduiding>
               <vt:gebiedsaanwijzing>
                  <ga:GebiedsaanwijzingRef xlink:href="nl.imow-mnre1034.gebiedsaanwijzing.293530785020211101052956"/>
                  <ga:GebiedsaanwijzingRef xlink:href="nl.imow-mnre1034.gebiedsaanwijzing.299179466820211101052956"/>
               </vt:gebiedsaanwijzing>
            </vt:Tekstdeel>
         </ow-dc:owObject>
      </sl:stand>
      <!--      <sl:stand>
         <ow-dc:owObject>
            <vt:Divisietekst wId="mnre1034_0.1__div_2__content_o_2">
               <vt:identificatie>nl.imow-mnre1034.divisie.20211006000009</vt:identificatie>
            </vt:Divisietekst>
         </ow-dc:owObject>
      </sl:stand>-->
      <sl:stand>
         <ow-dc:owObject>
            <vt:Tekstdeel>
               <vt:identificatie>nl.imow-mnre1034.tekstdeel.2021100600000920211101052956</vt:identificatie>
               <vt:idealisatie>http://standaarden.omgevingswet.overheid.nl/idealisatie/id/concept/Exact</vt:idealisatie>
               <vt:thema>http://standaarden.omgevingswet.overheid.nl/thema/id/concept/Landgebruik</vt:thema>
               <vt:divisieaanduiding>
                  <vt:DivisieRef xlink:href="nl.imow-mnre1034.divisie.2021100600000820211101052956"/> 
                  <!--had eigenlijk nl.imow-mnre1034.divisie.20211006000009 moeten zijn-->
               </vt:divisieaanduiding>
               <vt:locatieaanduiding>
                  <l:LocatieRef xlink:href="nl.imow-mnre1034.gebiedengroep.4135677020211101052956"/>
               </vt:locatieaanduiding>
               <vt:gebiedsaanwijzing>
                  <ga:GebiedsaanwijzingRef xlink:href="nl.imow-mnre1034.gebiedsaanwijzing.331378276920211101052956"/>
               </vt:gebiedsaanwijzing>
            </vt:Tekstdeel>
         </ow-dc:owObject>
      </sl:stand>
      <sl:stand>
         <ow-dc:owObject>
            <vt:Divisie wId="mnre1034_0.1__div_3">
               <vt:identificatie>nl.imow-mnre1034.divisie.div320211101052956</vt:identificatie>
            </vt:Divisie>
         </ow-dc:owObject>
      </sl:stand>
      <sl:stand>
         <ow-dc:owObject>
            <vt:Tekstdeel>
               <vt:identificatie>nl.imow-mnre1034.tekstdeel.div320211101052956</vt:identificatie>
               <vt:divisieaanduiding>
                  <vt:DivisieRef xlink:href="nl.imow-mnre1034.divisie.div320211101052956"/>
               </vt:divisieaanduiding>
               <vt:hoofdlijnaanduiding>
                  <vt:HoofdlijnRef xlink:href="nl.imow-mnre1034.hoofdlijn.71624685520211101052956"/>
               </vt:hoofdlijnaanduiding>
            </vt:Tekstdeel>
         </ow-dc:owObject>
      </sl:stand>
      <sl:stand>
         <ow-dc:owObject>
            <vt:Divisie wId="mnre1034_0.1__div_o_6">
               <vt:identificatie>nl.imow-mnre1034.divisie.div0punt620211101052956</vt:identificatie>
            </vt:Divisie>
         </ow-dc:owObject>
      </sl:stand>
      <sl:stand>
         <ow-dc:owObject>
            <vt:Tekstdeel>
               <vt:identificatie>nl.imow-mnre1034.tekstdeel.div0punt620211101052956</vt:identificatie>
               <vt:divisieaanduiding>
                  <vt:DivisieRef xlink:href="nl.imow-mnre1034.divisie.div0punt620211101052956"/>
               </vt:divisieaanduiding>
               <vt:hoofdlijnaanduiding>
                  <vt:HoofdlijnRef xlink:href="nl.imow-mnre1034.hoofdlijn.228458737920211101052956"/>
               </vt:hoofdlijnaanduiding>
            </vt:Tekstdeel>
         </ow-dc:owObject>
      </sl:stand>
      <sl:stand>
         <ow-dc:owObject>
            <vt:Divisie wId="mnre1034_0.1__div_4">
               <vt:identificatie>nl.imow-mnre1034.divisie.div420211101052956</vt:identificatie>
            </vt:Divisie>
         </ow-dc:owObject>
      </sl:stand>
      <sl:stand>
         <ow-dc:owObject>
            <vt:Tekstdeel>
               <vt:identificatie>nl.imow-mnre1034.tekstdeel.div420211101052956</vt:identificatie>
               <vt:divisieaanduiding>
                  <vt:DivisieRef xlink:href="nl.imow-mnre1034.divisie.div420211101052956"/>
               </vt:divisieaanduiding>
               <vt:hoofdlijnaanduiding>
                  <vt:HoofdlijnRef xlink:href="nl.imow-mnre1034.hoofdlijn.200455366820211101052956"/>
               </vt:hoofdlijnaanduiding>
            </vt:Tekstdeel>
         </ow-dc:owObject>
      </sl:stand>
      <!--      <sl:stand>
         <ow-dc:owObject>
            <vt:Divisietekst wId="mnre1034_0.1__div_4__div_o_1__content_o_3">
               <vt:identificatie>nl.imow-mnre1034.divisie.20211006000013</vt:identificatie>
            </vt:Divisietekst>
         </ow-dc:owObject>
      </sl:stand>-->
      <sl:stand>
         <ow-dc:owObject>
            <vt:Tekstdeel>
               <vt:identificatie>nl.imow-mnre1034.tekstdeel.2021100600001320211101052956</vt:identificatie>
               <vt:idealisatie>http://standaarden.omgevingswet.overheid.nl/idealisatie/id/concept/Exact</vt:idealisatie>
               <vt:thema>http://standaarden.omgevingswet.overheid.nl/thema/id/concept/Gezondheid</vt:thema>
               <vt:divisieaanduiding>
                  <vt:DivisieRef xlink:href="nl.imow-mnre1034.divisie.div420211101052956"/> 
                  <!--had moeten zijn divisietekst nl.imow-mnre1034.divisie.20211006000013-->
               </vt:divisieaanduiding>
            </vt:Tekstdeel>
         </ow-dc:owObject>
      </sl:stand>
      <sl:stand>
         <ow-dc:owObject>
            <vt:Divisie wId="mnre1034_0.1__div_4__div_o_2">
               <vt:identificatie>nl.imow-mnre1034.divisie.2021100600001420211101052956</vt:identificatie>
            </vt:Divisie>
         </ow-dc:owObject>
      </sl:stand>
      <sl:stand>
         <ow-dc:owObject>
            <vt:Tekstdeel>
               <vt:identificatie>nl.imow-mnre1034.tekstdeel.2021100600001420211101052956</vt:identificatie>
               <vt:idealisatie>http://standaarden.omgevingswet.overheid.nl/idealisatie/id/concept/Exact</vt:idealisatie>
               <vt:thema>http://standaarden.omgevingswet.overheid.nl/thema/id/concept/MilieuAlgemeen</vt:thema>
               <vt:divisieaanduiding>
                  <vt:DivisieRef xlink:href="nl.imow-mnre1034.divisie.2021100600001420211101052956"/>
               </vt:divisieaanduiding>
            </vt:Tekstdeel>
         </ow-dc:owObject>
      </sl:stand>
      <!--      <sl:stand>
         <ow-dc:owObject>
            <vt:Divisietekst wId="mnre1034_0.1__div_4__div_o_2__content_o_7">
               <vt:identificatie>nl.imow-mnre1034.divisie.20211006000015</vt:identificatie>
            </vt:Divisietekst>
         </ow-dc:owObject>
      </sl:stand>-->
      <sl:stand>
         <ow-dc:owObject>
            <vt:Tekstdeel>
               <vt:identificatie>nl.imow-mnre1034.tekstdeel.2021100600001520211101052956</vt:identificatie>
               <vt:idealisatie>http://standaarden.omgevingswet.overheid.nl/idealisatie/id/concept/Exact</vt:idealisatie>
               <vt:thema>http://standaarden.omgevingswet.overheid.nl/thema/id/concept/EnergieEnNatuurlijkeHulpbronnen</vt:thema>
               <vt:divisieaanduiding>
                  <vt:DivisieRef xlink:href="nl.imow-mnre1034.divisie.2021100600001420211101052956"/> 
                  <!--had eigenlijk nl.imow-mnre1034.divisie.20211006000015 moeten zijn-->
               </vt:divisieaanduiding>
            </vt:Tekstdeel>
         </ow-dc:owObject>
      </sl:stand>
      <!--      <sl:stand>
         <ow-dc:owObject>
            <vt:Divisietekst wId="mnre1034_0.1__div_4__div_o_2__content_o_8">
               <vt:identificatie>nl.imow-mnre1034.divisie.20211006000016</vt:identificatie>
            </vt:Divisietekst>
         </ow-dc:owObject>
      </sl:stand>-->
      <sl:stand>
         <ow-dc:owObject>
            <vt:Tekstdeel>
               <vt:identificatie>nl.imow-mnre1034.tekstdeel.2021100600001620211101052956</vt:identificatie>
               <vt:idealisatie>http://standaarden.omgevingswet.overheid.nl/idealisatie/id/concept/Exact</vt:idealisatie>
               <vt:thema>http://standaarden.omgevingswet.overheid.nl/thema/id/concept/Infrastructuur</vt:thema>
               <vt:divisieaanduiding>
                  <vt:DivisieRef xlink:href="nl.imow-mnre1034.divisie.2021100600001420211101052956"/> 
                  <!--had eigenlijk nl.imow-mnre1034.divisie.20211006000016 moeten zijn-->
               </vt:divisieaanduiding>
            </vt:Tekstdeel>
         </ow-dc:owObject>
      </sl:stand>
      <sl:stand>
         <ow-dc:owObject>
            <vt:Divisie wId="mnre1034_0.1__div_4__div_o_3"> <!--had eigenlijk moeten zijn: mnre1034_0.1__div_4__div_o_3__content_o_4--> 
               <vt:identificatie>nl.imow-mnre1034.divisie.2021100600001720211101052956</vt:identificatie>
            </vt:Divisie>
         </ow-dc:owObject>
      </sl:stand>
      <sl:stand>
         <ow-dc:owObject>
            <vt:Tekstdeel>
               <vt:identificatie>nl.imow-mnre1034.tekstdeel.2021100600001720211101052956</vt:identificatie>
               <vt:idealisatie>http://standaarden.omgevingswet.overheid.nl/idealisatie/id/concept/Exact</vt:idealisatie>
               <vt:thema>http://standaarden.omgevingswet.overheid.nl/thema/id/concept/Infrastructuur</vt:thema>
               <vt:divisieaanduiding>
                  <vt:DivisieRef xlink:href="nl.imow-mnre1034.divisie.2021100600001720211101052956"/>
               </vt:divisieaanduiding>
            </vt:Tekstdeel>
         </ow-dc:owObject>
      </sl:stand>
      <!--      <sl:stand>
         <ow-dc:owObject>
            <vt:Divisietekst wId="mnre1034_0.1__div_4__div_o_3__content_o_7"> 
               <vt:identificatie>nl.imow-mnre1034.divisie.20211006000018</vt:identificatie>
            </vt:Divisietekst>
         </ow-dc:owObject>
      </sl:stand>-->
      <sl:stand>
         <ow-dc:owObject>
            <vt:Tekstdeel>
               <vt:identificatie>nl.imow-mnre1034.tekstdeel.2021100600001820211101052956</vt:identificatie>
               <vt:idealisatie>http://standaarden.omgevingswet.overheid.nl/idealisatie/id/concept/Exact</vt:idealisatie>
               <vt:thema>http://standaarden.omgevingswet.overheid.nl/thema/id/concept/WaterEnWatersystemen</vt:thema>
               <vt:divisieaanduiding>
                  <vt:DivisieRef xlink:href="nl.imow-mnre1034.divisie.2021100600001720211101052956"/>
               </vt:divisieaanduiding>
            </vt:Tekstdeel>
         </ow-dc:owObject>
      </sl:stand>
      <sl:stand>
         <ow-dc:owObject>
            <vt:Divisie wId="mnre1034_0.1__div_5__div_1">
               <vt:identificatie>nl.imow-mnre1034.divisie.2021100600001920211101052956</vt:identificatie>
            </vt:Divisie>
         </ow-dc:owObject>
      </sl:stand>
      <sl:stand>
         <ow-dc:owObject>
            <vt:Tekstdeel>
               <vt:identificatie>nl.imow-mnre1034.tekstdeel.2021100600001920211101052956</vt:identificatie>
               <vt:idealisatie>http://standaarden.omgevingswet.overheid.nl/idealisatie/id/concept/Exact</vt:idealisatie>
               <vt:thema>http://standaarden.omgevingswet.overheid.nl/thema/id/concept/Infrastructuur</vt:thema>
               <vt:thema>http://standaarden.omgevingswet.overheid.nl/thema/id/concept/MilieuAlgemeen</vt:thema>
               <vt:thema>http://standaarden.omgevingswet.overheid.nl/thema/id/concept/WaterEnWatersystemen</vt:thema>
               <vt:divisieaanduiding>
                  <vt:DivisieRef xlink:href="nl.imow-mnre1034.divisie.2021100600001920211101052956"/>
               </vt:divisieaanduiding>
               <vt:locatieaanduiding>
                  <l:LocatieRef xlink:href="nl.imow-mnre1034.gebiedengroep.19183117120211101052956"/>
               </vt:locatieaanduiding>
            </vt:Tekstdeel>
         </ow-dc:owObject>
      </sl:stand>
      <sl:stand>
         <ow-dc:owObject>
            <vt:Divisie wId="mnre1034_0.1__div_5__div_2">
               <vt:identificatie>nl.imow-mnre1034.divisie.2021100600002020211101052956</vt:identificatie>
            </vt:Divisie>
         </ow-dc:owObject>
      </sl:stand>
      <sl:stand>
         <ow-dc:owObject>
            <vt:Tekstdeel>
               <vt:identificatie>nl.imow-mnre1034.tekstdeel.2021100600002020211101052956</vt:identificatie>
               <vt:idealisatie>http://standaarden.omgevingswet.overheid.nl/idealisatie/id/concept/Exact</vt:idealisatie>
               <vt:thema>http://standaarden.omgevingswet.overheid.nl/thema/id/concept/MilieuAlgemeen</vt:thema>
               <vt:thema>http://standaarden.omgevingswet.overheid.nl/thema/id/concept/Natuur</vt:thema>
               <vt:thema>http://standaarden.omgevingswet.overheid.nl/thema/id/concept/Gezondheid</vt:thema>
               <vt:thema>http://standaarden.omgevingswet.overheid.nl/thema/id/concept/Landschap</vt:thema>
               <vt:divisieaanduiding>
                  <vt:DivisieRef xlink:href="nl.imow-mnre1034.divisie.2021100600002020211101052956"/>
               </vt:divisieaanduiding>
               <vt:locatieaanduiding>
                  <l:LocatieRef xlink:href="nl.imow-mnre1034.gebiedengroep.127855075620211101052956"/>
               </vt:locatieaanduiding>
            </vt:Tekstdeel>
         </ow-dc:owObject>
      </sl:stand>
      <sl:stand>
         <ow-dc:owObject>
            <vt:Divisie wId="mnre1034_0.1__div_5__div_3">
               <vt:identificatie>nl.imow-mnre1034.divisie.2021100600002120211101052956</vt:identificatie>
            </vt:Divisie>
         </ow-dc:owObject>
      </sl:stand>
      <sl:stand>
         <ow-dc:owObject>
            <vt:Tekstdeel>
               <vt:identificatie>nl.imow-mnre1034.tekstdeel.2021100600002120211101052956</vt:identificatie>
               <vt:idealisatie>http://standaarden.omgevingswet.overheid.nl/idealisatie/id/concept/Exact</vt:idealisatie>
               <vt:thema>http://standaarden.omgevingswet.overheid.nl/thema/id/concept/Infrastructuur</vt:thema>
               <vt:thema>http://standaarden.omgevingswet.overheid.nl/thema/id/concept/MilieuAlgemeen</vt:thema>
               <vt:divisieaanduiding>
                  <vt:DivisieRef xlink:href="nl.imow-mnre1034.divisie.2021100600002120211101052956"/>
               </vt:divisieaanduiding>
               <vt:locatieaanduiding>
                  <l:LocatieRef xlink:href="nl.imow-mnre1034.gebiedengroep.231421299320211101052956"/>
               </vt:locatieaanduiding>
               <vt:gebiedsaanwijzing>
                  <ga:GebiedsaanwijzingRef xlink:href="nl.imow-mnre1034.gebiedsaanwijzing.106517546220211101052956"/>
               </vt:gebiedsaanwijzing>
            </vt:Tekstdeel>
         </ow-dc:owObject>
      </sl:stand>
      <sl:stand>
         <ow-dc:owObject>
            <vt:Divisie wId="mnre1034_0.1__div_5__div_5">
               <vt:identificatie>nl.imow-mnre1034.divisie.2021100600002220211101052956</vt:identificatie>
            </vt:Divisie>
         </ow-dc:owObject>
      </sl:stand>
      <sl:stand>
         <ow-dc:owObject>
            <vt:Tekstdeel>
               <vt:identificatie>nl.imow-mnre1034.tekstdeel.2021100600002220211101052956</vt:identificatie>
               <vt:idealisatie>http://standaarden.omgevingswet.overheid.nl/idealisatie/id/concept/Exact</vt:idealisatie>
               <vt:divisieaanduiding>
                  <vt:DivisieRef xlink:href="nl.imow-mnre1034.divisie.2021100600002220211101052956"/>
               </vt:divisieaanduiding>
               <vt:locatieaanduiding>
                  <l:LocatieRef xlink:href="nl.imow-mnre1034.gebiedengroep.215856689020211101052956"/>
               </vt:locatieaanduiding>
               <vt:gebiedsaanwijzing>
                  <ga:GebiedsaanwijzingRef xlink:href="nl.imow-mnre1034.gebiedsaanwijzing.288746653520211101052956"/>
               </vt:gebiedsaanwijzing>
            </vt:Tekstdeel>
         </ow-dc:owObject>
      </sl:stand>
      <sl:stand>
         <ow-dc:owObject>
            <vt:Divisie wId="mnre1034_0.1__div_2__div_o_1__div_o_4">
               <vt:identificatie>nl.imow-mnre1034.divisie.2021100600002320211101052956</vt:identificatie>
            </vt:Divisie>
         </ow-dc:owObject>
      </sl:stand>
      <sl:stand>
         <ow-dc:owObject>
            <vt:Tekstdeel>
               <vt:identificatie>nl.imow-mnre1034.tekstdeel.2021100600002320211101052956</vt:identificatie>
               <vt:idealisatie>http://standaarden.omgevingswet.overheid.nl/idealisatie/id/concept/Exact</vt:idealisatie>
               <vt:thema>http://standaarden.omgevingswet.overheid.nl/thema/id/concept/EnergieEnNatuurlijkeHulpbronnen</vt:thema>
               <vt:thema>http://standaarden.omgevingswet.overheid.nl/thema/id/concept/MilieuAlgemeen</vt:thema>
               <vt:divisieaanduiding>
                  <vt:DivisieRef xlink:href="nl.imow-mnre1034.divisie.2021100600002320211101052956"/>
               </vt:divisieaanduiding>
               <vt:locatieaanduiding>
                  <l:LocatieRef xlink:href="nl.imow-mnre1034.gebiedengroep.404757674420211101052956"/>
               </vt:locatieaanduiding>
            </vt:Tekstdeel>
         </ow-dc:owObject>
      </sl:stand>
      <sl:stand>
         <ow-dc:owObject>
            <vt:Divisie wId="mnre1034_0.1__div_5__div_6">
               <vt:identificatie>nl.imow-mnre1034.divisie.2021100600002420211101052956</vt:identificatie>
            </vt:Divisie>
         </ow-dc:owObject>
      </sl:stand>
      <sl:stand>
         <ow-dc:owObject>
            <vt:Tekstdeel>
               <vt:identificatie>nl.imow-mnre1034.tekstdeel.2021100600002420211101052956</vt:identificatie>
               <vt:idealisatie>http://standaarden.omgevingswet.overheid.nl/idealisatie/id/concept/Exact</vt:idealisatie>
               <vt:thema>http://standaarden.omgevingswet.overheid.nl/thema/id/concept/Infrastructuur</vt:thema>
               <vt:thema>http://standaarden.omgevingswet.overheid.nl/thema/id/concept/WaterEnWatersystemen</vt:thema>
               <vt:divisieaanduiding>
                  <vt:DivisieRef xlink:href="nl.imow-mnre1034.divisie.2021100600002420211101052956"/>
               </vt:divisieaanduiding>
               <vt:locatieaanduiding>
                  <l:LocatieRef xlink:href="nl.imow-mnre1034.gebiedengroep.278653207820211101052956"/>
               </vt:locatieaanduiding>
            </vt:Tekstdeel>
         </ow-dc:owObject>
      </sl:stand>
      <sl:stand>
         <ow-dc:owObject>
            <vt:Divisie wId="mnre1034_0.1__div_5__div_7">
               <vt:identificatie>nl.imow-mnre1034.divisie.2021100600002520211101052956</vt:identificatie>
            </vt:Divisie>
         </ow-dc:owObject>
      </sl:stand>
      <sl:stand>
         <ow-dc:owObject>
            <vt:Tekstdeel>
               <vt:identificatie>nl.imow-mnre1034.tekstdeel.2021100600002520211101052956</vt:identificatie>
               <vt:idealisatie>http://standaarden.omgevingswet.overheid.nl/idealisatie/id/concept/Exact</vt:idealisatie>
               <vt:thema>http://standaarden.omgevingswet.overheid.nl/thema/id/concept/WaterEnWatersystemen</vt:thema>
               <vt:thema>http://standaarden.omgevingswet.overheid.nl/thema/id/concept/Infrastructuur</vt:thema>
               <vt:divisieaanduiding>
                  <vt:DivisieRef xlink:href="nl.imow-mnre1034.divisie.2021100600002520211101052956"/>
               </vt:divisieaanduiding>
               <vt:locatieaanduiding>
                  <l:LocatieRef xlink:href="nl.imow-mnre1034.gebiedengroep.326455172620211101052956"/>
               </vt:locatieaanduiding>
            </vt:Tekstdeel>
         </ow-dc:owObject>
      </sl:stand>
      <sl:stand>
         <ow-dc:owObject>
            <vt:Divisie wId="mnre1034_0.1__div_5__div_8">
               <vt:identificatie>nl.imow-mnre1034.divisie.2021100600002620211101052956</vt:identificatie>
            </vt:Divisie>
         </ow-dc:owObject>
      </sl:stand>
      <sl:stand>
         <ow-dc:owObject>
            <vt:Tekstdeel>
               <vt:identificatie>nl.imow-mnre1034.tekstdeel.2021100600002620211101052956</vt:identificatie>
               <vt:idealisatie>http://standaarden.omgevingswet.overheid.nl/idealisatie/id/concept/Exact</vt:idealisatie>
               <vt:thema>http://standaarden.omgevingswet.overheid.nl/thema/id/concept/Landgebruik</vt:thema>
               <vt:divisieaanduiding>
                  <vt:DivisieRef xlink:href="nl.imow-mnre1034.divisie.2021100600002620211101052956"/>
               </vt:divisieaanduiding>
               <vt:locatieaanduiding>
                  <l:LocatieRef xlink:href="nl.imow-mnre1034.gebiedengroep.15276802020211101052956"/>
               </vt:locatieaanduiding>
            </vt:Tekstdeel>
         </ow-dc:owObject>
      </sl:stand>
      <sl:stand>
         <ow-dc:owObject>
            <vt:Divisie wId="mnre1034_0.1__div_2__div_o_1__div_o_2">
               <vt:identificatie>nl.imow-mnre1034.divisie.2021100600002720211101052956</vt:identificatie>
            </vt:Divisie>
         </ow-dc:owObject>
      </sl:stand>
      <sl:stand>
         <ow-dc:owObject>
            <vt:Tekstdeel>
               <vt:identificatie>nl.imow-mnre1034.tekstdeel.2021100600002720211101052956</vt:identificatie>
               <vt:divisieaanduiding>
                  <vt:DivisieRef xlink:href="nl.imow-mnre1034.divisie.2021100600002720211101052956"/>
               </vt:divisieaanduiding>
               <vt:kaartaanduiding>
                  <k:KaartRef xlink:href="nl.imow-mnre1034.kaart.2020000120211101052956"/>
               </vt:kaartaanduiding>
               <vt:gebiedsaanwijzing>
                  <ga:GebiedsaanwijzingRef xlink:href="nl.imow-mnre1034.gebiedsaanwijzing.299179466920211101052956"/>
                  <ga:GebiedsaanwijzingRef xlink:href="nl.imow-mnre1034.gebiedsaanwijzing.299179467020211101052956"/>
                  <ga:GebiedsaanwijzingRef xlink:href="nl.imow-mnre1034.gebiedsaanwijzing.299179467120211101052956"/>
                  <ga:GebiedsaanwijzingRef xlink:href="nl.imow-mnre1034.gebiedsaanwijzing.299179467220211101052956"/>
                  <ga:GebiedsaanwijzingRef xlink:href="nl.imow-mnre1034.gebiedsaanwijzing.299179467320211101052956"/>
                  <ga:GebiedsaanwijzingRef xlink:href="nl.imow-mnre1034.gebiedsaanwijzing.299179467420211101052956"/>
                  <ga:GebiedsaanwijzingRef xlink:href="nl.imow-mnre1034.gebiedsaanwijzing.299179467520211101052956"/>
                  <ga:GebiedsaanwijzingRef xlink:href="nl.imow-mnre1034.gebiedsaanwijzing.299179467620211101052956"/>
                  <ga:GebiedsaanwijzingRef xlink:href="nl.imow-mnre1034.gebiedsaanwijzing.299179467720211101052956"/>
                  <ga:GebiedsaanwijzingRef xlink:href="nl.imow-mnre1034.gebiedsaanwijzing.299179467820211101052956"/>
               </vt:gebiedsaanwijzing>
            </vt:Tekstdeel>
         </ow-dc:owObject>
      </sl:stand>
   </sl:standBestand>
</ow-dc:owBestand>
