<?xml version='1.0' encoding='UTF-8'?>
<AanleveringInformatieObject xmlns="https://standaarden.overheid.nl/lvbb/stop/aanlevering/" xmlns:geo="https://standaarden.overheid.nl/stop/imop/geo/" xmlns:xsi="http://www.w3.org/2001/XMLSchema-instance" schemaversie="1.2.0" xsi:schemaLocation="https://standaarden.overheid.nl/lvbb/stop/aanlevering https://standaarden.overheid.nl/lvbb/1.2.0/lvbb-stop-aanlevering.xsd">
  <InformatieObjectVersie>
    <ExpressionIdentificatie xmlns="https://standaarden.overheid.nl/stop/imop/data/">
      <FRBRWork>/join/id/regdata/gm0758/2023/2408718688</FRBRWork>
      <FRBRExpression>/join/id/regdata/gm0758/2023/2408718688/nld@2023-04-19;1</FRBRExpression>
      <soortWork>/join/id/stop/work_010</soortWork>
    </ExpressionIdentificatie>
    <InformatieObjectVersieMetadata xmlns="https://standaarden.overheid.nl/stop/imop/data/">
      <heeftGeboorteregeling>/akn/nl/act/gm0758/2023/EUR002-001</heeftGeboorteregeling>
      <heeftBestanden>
        <heeftBestand>
          <Bestand>
            <bestandsnaam>gml_Gebiedmetarcheologischeverwachtingen.gml</bestandsnaam>
            <hash>bb2bc83221ade8271e8c6018e452d49c1cbaf1373e3b5b2c06ea4e7fe8b24fa0c74a82adf536105d20bbdf3bf272aebf44922184f8e534aa00cfcca16c4d0190</hash>
          </Bestand>
        </heeftBestand>
      </heeftBestanden>
    </InformatieObjectVersieMetadata>
    <InformatieObjectMetadata xmlns="https://standaarden.overheid.nl/stop/imop/data/">
      <eindverantwoordelijke>/tooi/id/gemeente/gm0758</eindverantwoordelijke>
      <maker>/tooi/id/gemeente/gm0758</maker>
      <alternatieveTitels>
        <alternatieveTitel>Gebied met archeologische verwachtingen</alternatieveTitel>
      </alternatieveTitels>
      <officieleTitel>/join/id/regdata/gm0758/2023/2408718688</officieleTitel>
      <publicatieinstructie>TeConsolideren</publicatieinstructie>
      <formaatInformatieobject>/join/id/stop/informatieobject/gio_002</formaatInformatieobject>
      <naamInformatieObject>Gebied met archeologische verwachtingen</naamInformatieObject>
    </InformatieObjectMetadata>
  </InformatieObjectVersie>
</AanleveringInformatieObject>
